date,ecom ,consum_index,xr,CPI,RTS_OGI,USD_XR,UKR_ecom,Dem_mthly,RCardinR,NRBankinR,Rbankoutside,vix_close,,
1/4/21,17444.19343,265.3180787,91.73768653,0.033036818,194.1876624,74.05538793,2699.205729,11.96774194,14000.58333,43.3,166.7233333,26.96999931,,
1/5/21,18017.45293,267.6588696,91.61699509,0.03346884,194.9974765,74.11637931,2278.838498,11.96774194,13996.44444,43.2,167.1311111,25.34000015,,
1/6/21,16870.93392,266.8467585,90.83567683,0.033888156,198.3524204,74.17127155,1851.804888,11.96774194,13992.30556,43.1,167.5388889,25.06999969,,
1/7/21,16596.76633,265.36585,89.98448457,0.034320178,201.283176,74.23226293,1879.68005,11.96774194,13988.16667,43,167.9466667,22.37000084,,
1/8/21,17469.11776,263.980484,90.42278506,0.0347522,203.8283059,74.28715517,2253.223155,11.96774194,13984.02778,42.9,168.3544444,21.55999947,,
1/11/21,18790.10705,261.7352356,90.22586745,0.035997441,204.0596813,74.46403017,2466.764339,11.96774194,13971.61111,42.6,169.5777778,24.07999992,,
1/12/21,18117.15024,263.789399,90.23857181,0.035387527,208.2630018,74.48537716,2451.544312,11.96774194,13967.47222,42.5,169.9855556,23.32999992,,
1/13/21,18067.30159,263.1206016,90.63875922,0.034803026,210.4996311,74.1865194,2309.253147,11.96774194,13963.33333,42.4,170.3933333,22.20999908,,
1/14/21,18466.09081,263.4550003,91.07070753,0.034243939,213.1218861,73.55525862,2590.926129,11.96774194,13959.19444,42.3,170.8011111,23.25,,
1/15/21,18166.99889,260.3020984,90.4100807,0.033672144,209.6898171,73.76567888,2858.754045,11.96774194,13955.05556,42.2,171.2088889,24.34000015,,
1/19/21,17518.96641,262.8339742,90.43548942,0.031842403,208.070189,73.94255388,2668.190306,11.96774194,13938.5,41.8,172.84,23.23999977,,
1/20/21,17120.17719,265.5569349,90.20045873,0.031689925,208.7643153,73.68943966,2815.038622,11.96774194,13934.36111,41.7,173.2477778,21.57999992,,
1/21/21,17867.90698,262.6428892,90.47360251,0.031562859,203.2113047,73.35398707,3079.949847,11.96774194,13930.22222,41.6,173.6555556,21.31999969,,
1/22/21,20185.86932,256.7670265,91.25492078,0.031410381,197.6197315,73.45462284,2697.046495,11.96774194,13926.08333,41.5,174.0633333,21.90999985,,
1/25/21,21756.10188,257.9135363,91.66146036,0.030978358,197.5040438,74.70494612,2524.714821,11.96774194,13913.66667,41.2,175.2866667,23.19000053,,
1/26/21,18864.88003,261.2575232,91.62334728,0.029466281,198.2752952,74.93061422,2434.277431,11.96774194,13909.52778,41.1,175.6944444,23.02000046,,
1/27/21,19388.29088,258.7734187,91.7821518,0.028068561,194.1876624,75.57712284,2688.68231,11.96774194,13905.38889,41,176.1022222,37.20999908,,
1/28/21,19986.47471,255.5727455,92.06799995,0.026632723,192.6451595,75.15323276,3009.053524,11.96774194,13901.25,40.9,176.51,30.20999908,,
1/29/21,18914.72868,254.6173207,91.82661707,0.025196884,190.0229045,76.18703664,2669.688541,11.96774194,13897.11111,40.8,176.9177778,33.09000015,,
2/1/21,16123.20413,251.5599612,91.37561222,0.020978314,188.7503395,75.73570043,2500.379309,5.035714286,13884.69444,40.5,178.1411111,30.23999977,,
2/2/21,16696.46364,256.0026867,91.56617765,0.021588227,194.4576005,75.53442888,2334.401384,5.035714286,13880.55556,40.4,178.5488889,25.55999947,,
2/3/21,17568.81506,253.5663533,91.89013888,0.022172728,193.2621607,75.915625,2512.449387,5.035714286,13876.41667,40.3,178.9566667,22.90999985,,
2/4/21,17469.11776,254.5217782,92.05529559,0.022706403,194.7275385,76.0528556,2635.944957,5.035714286,13872.27778,40.2,179.3644444,21.77000046,,
2/5/21,16821.08527,257.2447389,92.22045229,0.023290903,199.8177982,75.68080819,2380.591299,5.035714286,13868.13889,40.1,179.7722222,20.87000084,,
2/8/21,17170.02584,263.9327127,92.07435213,0.024993579,204.3681819,74.53112069,2593.354528,5.035714286,13855.72222,39.8,180.9955556,21.23999977,,
2/9/21,17593.73939,266.4168173,92.05529559,0.024980873,203.095617,74.25360991,2552.163488,5.035714286,13851.58333,39.7,181.4033333,21.62999916,,
2/10/21,19238.74492,266.4645885,92.08070431,0.024980873,200.8589877,74.10113147,2617.059808,5.035714286,13847.44444,39.6,181.8111111,21.98999977,,
2/11/21,20858.82614,268.2321245,92.18233921,0.024980873,202.9028041,73.84496767,2779.92174,5.035714286,13843.30556,39.5,182.2188889,21.25,,
2/12/21,20136.02067,266.751216,92.30938283,0.024980873,204.175369,73.76567888,2574.123837,5.035714286,13839.16667,39.4,182.6266667,19.96999931,,
2/16/21,19512.91251,277.1175754,92.20774793,0.024701329,209.149941,73.30519397,5813.135731,5.035714286,13822.61111,39,184.2577778,21.45999908,,
2/17/21,21257.61536,281.5603008,92.27126974,0.024409079,203.365555,73.30519397,4638.767732,5.035714286,13818.47222,38.9,184.6655556,21.5,,
2/18/21,29283.24843,288.3438171,92.385609,0.024116828,201.3988637,73.75653017,3204.880657,5.035714286,13814.33333,38.8,185.0733333,22.48999977,,
2/19/21,25569.52381,275.7322094,92.53170916,0.023837284,203.8283059,73.78092672,2849.698357,5.035714286,13810.19444,38.7,185.4811111,22.04999924,,
2/22/21,20808.97748,268.9009218,92.2522132,0.022985946,202.4400532,73.9212069,2505.210884,5.035714286,13797.77778,38.4,186.7044444,23.45000076,,
2/23/21,18815.03138,268.3276669,92.25856538,0.022985946,202.9799292,73.86631466,2396.505075,5.035714286,13793.63889,38.3,187.1122222,23.11000061,,
2/24/21,17444.19343,267.7066408,92.17598702,0.022985946,203.5969304,73.80532328,2668.257385,5.035714286,13789.5,38.2,187.52,21.34000015,,
2/25/21,18391.31783,267.945497,92.32208719,0.022985946,204.9466205,73.73518319,2928.843955,5.035714286,13785.36111,38.1,187.9277778,28.88999939,,
2/26/21,18665.48542,262.7384317,92.385609,0.022985946,198.3524204,73.50951509,2592.292925,5.035714286,13781.22222,38,188.3355556,27.95000076,,
3/1/21,19712.30712,267.1811572,92.37925682,0.022985946,201.7073643,74.17432112,2622.538939,2.935483871,13768.80556,37.7,189.5588889,23.35000038,,
3/2/21,18864.88003,270.3340591,92.23950883,0.023417969,203.6740556,74.06148707,2321.534916,2.935483871,13764.66667,37.6,189.9666667,24.10000038,,
3/3/21,17942.67996,271.0506277,92.34749591,0.023849991,204.5224322,74.52807112,2776.813334,2.935483871,13760.52778,37.5,190.3744444,26.67000008,,
3/4/21,21731.17756,268.7098369,92.61428752,0.024282013,206.797624,73.54001078,3248.031275,2.935483871,13756.38889,37.4,190.7822222,28.56999969,,
3/5/21,24796.86969,264.1237977,92.90648784,0.024688622,211.6179458,73.80837284,3464.997667,2.935483871,13752.25,37.3,191.19,24.65999985,,
3/8/21,23450.95607,263.3594578,93.07164455,0.025984689,218.289271,74.34204741,2599.920224,2.935483871,13739.83333,37,192.4133333,25.46999931,,
3/9/21,22952.46955,263.1683729,93.35114051,0.025565374,220.4487751,74.30545259,2369.307412,2.935483871,13735.69444,36.9,192.8211111,24.03000069,,
3/10/21,17045.40421,265.4613925,93.6560452,0.025133351,219.0990851,74.25970905,2234.398617,2.935483871,13731.55556,36.8,193.2288889,22.55999947,,
3/11/21,14852.06349,268.0888107,93.73862356,0.024701329,222.0298407,74.02489224,3301.521768,2.935483871,13727.41667,36.7,193.6366667,21.90999985,,
3/12/21,14677.59321,266.9423009,94.22138931,0.0242566,224.9220337,73.51256466,2673.927559,2.935483871,13723.27778,36.6,194.0444444,20.69000053,,
3/15/21,13780.31746,268.5187519,93.92918899,0.022985946,228.1227273,73.31739224,2508.630375,2.935483871,13710.86111,36.3,195.2677778,20.03000069,,
3/16/21,13630.7715,274.2035296,94.15151532,0.023125718,227.968477,73.2137069,2564.66859,2.935483871,13706.72222,36.2,195.6755556,19.79000092,,
3/17/21,13680.62016,271.8627388,94.22138931,0.023278197,219.2918979,72.96364224,4179.417202,2.935483871,13702.58333,36.1,196.0833333,19.22999954,,
3/18/21,13580.92285,274.2990721,94.56440709,0.023405262,216.6696429,73.11917026,5739.589255,2.935483871,13698.44444,36,196.4911111,21.57999992,,
3/19/21,12982.73902,270.5729153,94.82484651,0.023557741,213.3532616,73.66199353,2344.484177,2.935483871,13694.30556,35.9,196.8988889,20.95000076,,
3/22/21,13157.2093,268.6142944,93.99906298,0.023977056,213.2375738,74.45488147,2007.354949,2.935483871,13681.88889,35.6,198.1222222,18.87999916,,
3/23/21,12633.79845,261.4008369,94.06258479,0.023989763,210.692444,74.64090517,2096.036395,2.935483871,13677.75,35.5,198.53,20.29999924,,
3/24/21,12434.40384,265.2703075,94.46277219,0.023989763,212.4277598,75.385,2161.512816,2.935483871,13673.61111,35.4,198.9377778,21.20000076,,
3/25/21,12434.40384,263.0728304,94.79943779,0.023989763,209.5355668,76.1412931,2610.935948,2.935483871,13669.47222,35.3,199.3455556,19.80999947,,
3/26/21,13880.01477,266.5123598,94.86931178,0.023989763,214.6643891,76.16264009,2476.345525,2.935483871,13665.33333,35.2,199.7533333,18.86000061,,
3/29/21,13157.2093,267.6588696,94.90742486,0.023977056,215.8212663,75.80584052,2209.371897,2.935483871,13652.91667,34.9,200.9766667,20.73999977,,
3/30/21,13281.83093,267.1333859,94.48818092,0.023710219,213.5075119,75.82413793,2319.35453,2.935483871,13648.77778,34.8,201.3844444,19.61000061,,
3/31/21,13481.22554,269.8563467,94.17692405,0.023405262,214.1630756,75.70215517,2703.37776,2.935483871,13644.63889,34.7,201.7922222,19.39999962,,
4/1/21,6717.048307,267.2400196,92.19510038,0.023074713,212.4585129,75.65436422,3217.846386,5.066666667,13640.5,34.6,202.2,17.32999992,,
4/5/21,8350.121071,267.7181705,92.03627105,0.021956537,210.095097,76.44852281,2359.069409,5.066666667,13732.91319,34.51208791,202.7142857,17.90999985,,
4/6/21,9143.327842,262.7135249,91.13094387,0.021143319,205.7113416,76.56923491,2291.11772,5.066666667,13756.01648,34.49010989,202.8428571,18.12000084,,
4/7/21,9259.975896,262.1716207,89.95560683,0.020431753,206.7786907,76.55017511,2262.023278,5.066666667,13779.11978,34.46813187,202.9714286,17.15999985,,
4/8/21,10006.52345,262.8410318,90.55121681,0.019720187,205.7875808,77.68105693,2865.018688,5.066666667,13802.22308,34.44615385,203.1,16.95000076,,
4/9/21,11149.67438,260.0040035,90.36856308,0.019008621,201.9756196,77.10290948,2665.150932,5.066666667,13825.32637,34.42417582,203.2285714,16.69000053,,
4/12/21,11056.35594,263.9567172,90.29708989,0.016975575,203.9197198,77.40786638,3104.245859,5.066666667,13894.63626,34.35824176,203.6142857,16.90999985,,
4/13/21,10799.73022,267.1125127,90.66239734,0.01743301,208.227236,77.47775233,1965.357795,5.066666667,13917.73956,34.33626374,203.7428571,16.64999962,,
4/14/21,10963.03749,267.2400196,91.52801719,0.017890445,213.4877425,77.03302353,2061.670416,5.066666667,13940.84286,34.31428571,203.8714286,16.98999977,,
4/15/21,11686.25543,264.4986214,90.32091428,0.018297055,211.6198815,75.83225575,2602.527072,5.066666667,13963.94615,34.29230769,204,16.56999969,,
4/16/21,10473.11566,265.8374438,91.42477813,0.018703664,212.0010776,76.79795259,2212.444736,5.066666667,13987.04945,34.27032967,204.1285714,16.25,,
4/19/21,9026.679787,263.287306,90.63063148,0.019974318,207.9985183,76.04191361,2478.720412,5.066666667,14056.35934,34.2043956,204.5142857,17.29000092,,
4/20/21,8863.372511,261.0878121,90.24944109,0.020126796,205.5207435,76.21980514,3316.58166,5.066666667,14079.46264,34.18241758,204.6428571,18.68000031,,
4/21/21,7930.188074,262.9047853,90.42415335,0.020228448,206.7786907,76.1054463,2774.864674,5.066666667,14102.56593,34.16043956,204.7714286,17.5,,
4/22/21,8653.406013,266.0287042,91.3612464,0.020380927,210.8574892,76.78524605,2274.915045,5.066666667,14125.66923,34.13846154,204.9,18.70999908,,
4/23/21,9633.249671,268.8657325,92.26657358,0.020533405,211.2005657,76.28333782,2251.064206,5.066666667,14148.77253,34.11648352,205.0285714,17.32999992,,
4/26/21,9423.283173,270.4914454,92.03627105,0.020940014,209.9044989,74.85385237,2493.309164,5.066666667,14218.08242,34.05054945,205.4142857,17.63999939,,
4/27/21,8606.746791,272.5315557,92.11568571,0.021956537,209.1802263,74.79031968,5895.422901,5.066666667,14241.18571,34.02857143,205.5428571,17.55999947,,
4/28/21,8956.690955,270.0132946,92.57629077,0.022769756,206.5118534,74.95550467,6042.016392,5.066666667,14264.28901,34.00659341,205.6714286,17.28000069,,
4/29/21,8770.054067,267.9094308,92.50481757,0.023582974,205.1395474,74.87926545,4075.902539,5.066666667,14287.39231,33.98461538,205.8,17.61000061,,
4/30/21,9609.92006,264.4667447,91.80596852,0.024497845,202.5474138,74.41547683,1917.135655,5.066666667,14310.4956,33.96263736,205.9285714,18.61000061,,
5/3/21,8723.394845,265.2317861,91.78214412,0.0269375,205.3682651,75.05715697,1593.502484,2.387096774,14379.80549,33.8967033,206.3142857,18.30999947,,
5/4/21,10939.70788,266.0287042,92.29833944,0.026175108,206.8168103,75.15880927,1968.101379,2.387096774,14402.90879,33.87472527,206.4428571,19.47999954,,
5/5/21,10379.79722,270.5233221,92.55246637,0.025412716,210.1713362,75.20963542,2182.626589,2.387096774,14426.01209,33.85274725,206.5714286,19.14999962,,
5/6/21,10099.84189,273.0415833,92.69541277,0.024751976,211.1624461,74.83479256,2665.526204,2.387096774,14449.11538,33.83076923,206.7,18.38999939,,
5/7/21,8700.065234,275.4323375,92.91777383,0.023989583,213.4496228,74.52983567,2745.803385,2.387096774,14472.21868,33.80879121,206.8285714,16.69000053,,
5/10/21,9236.646286,273.1372134,92.55246637,0.021956537,212.7634698,74.14228628,1945.267997,2.387096774,14541.52857,33.74285714,207.2142857,19.65999985,,
5/11/21,8466.769125,272.0852816,92.62393957,0.02165158,211.9248384,74.14863955,2266.868157,2.387096774,14564.63187,33.72087912,207.3428571,21.84000015,,
5/12/21,9656.579282,271.5115005,92.64776397,0.021346624,212.6109914,74.14228628,3479.124142,2.387096774,14587.73516,33.6989011,207.4714286,27.59000015,,
5/13/21,16072.22228,272.0852816,92.8542421,0.021041667,212.1154364,74.05334052,2734.82511,2.387096774,14610.83846,33.67692308,207.6,23.12999916,,
5/14/21,12642.76948,272.5315557,92.94159823,0.020787536,212.0391972,74.32653107,2325.798776,2.387096774,14633.94176,33.65494505,207.7285714,18.80999947,,
5/17/21,10869.71905,270.6827057,92.76688597,0.019974318,213.1065463,73.88815553,3395.960492,2.387096774,14703.25165,33.58901099,208.1142857,19.71999931,,
5/18/21,11242.99282,272.722816,92.8065933,0.019923491,214.70757,73.83732938,4074.968711,2.387096774,14726.35495,33.56703297,208.2428571,21.34000015,,
5/19/21,11359.64088,269.503267,92.91777383,0.019923491,212.5347522,73.69755747,2582.878877,2.387096774,14749.45824,33.54505495,208.3714286,22.18000031,,
5/20/21,11312.98166,271.1608566,93.08454463,0.019923491,211.5055226,73.66579113,2307.25377,2.387096774,14772.56154,33.52307692,208.5,20.67000008,,
5/21/21,9143.327842,273.3922272,93.23543249,0.019923491,213.2590248,73.59590517,2294.77739,2.387096774,14795.66484,33.5010989,208.6285714,20.14999962,,
5/24/21,12736.08792,275.0179401,92.7827689,0.019923491,213.2590248,73.53872575,2157.72198,2.387096774,14864.97473,33.43516484,209.0142857,18.39999962,,
5/25/21,14579.12719,275.9423651,92.8542421,0.019923491,213.9832974,73.50695941,2154.320609,2.387096774,14888.07802,33.41318681,209.1428571,18.84000015,,
5/26/21,15232.35629,276.4523926,92.71923717,0.019923491,214.8981681,73.39260057,2307.282493,2.387096774,14911.18132,33.39120879,209.2714286,17.36000061,,
5/27/21,15675.6189,276.5798995,93.02895436,0.019923491,215.7367996,73.4688398,2615.893604,2.387096774,14934.28462,33.36923077,209.4,16.73999977,,
5/28/21,18405.18338,277.6955848,92.98130556,0.019923491,216.575431,73.45613326,2369.824061,2.387096774,14957.38791,33.34725275,209.5285714,16.76000023,,
6/1/21,13365.98742,281.9033123,92.77482743,0.020431753,221.6453394,73.29094828,2052.306807,2.6,15049.8011,33.25934066,210.0428571,17.89999962,,
6/2/21,11009.69672,283.9115459,93.06866169,0.020838362,226.9058459,73.2464754,1846.849185,2.6,15072.9044,33.23736264,210.1714286,17.47999954,,
6/3/21,12712.75831,285.0909846,93.40220329,0.021244971,227.8588362,73.4878996,2389.943958,2.6,15096.00769,33.21538462,210.3,18.04000092,,
6/4/21,9773.227337,284.0390528,93.75162781,0.02165158,229.8791756,73.25918193,2086.730403,2.6,15119.11099,33.19340659,210.4285714,16.42000008,,
6/7/21,14135.86458,283.4652717,93.91045714,0.022922234,230.336611,73.03681753,2137.030223,2.6,15188.42088,33.12747253,210.8142857,16.42000008,,
6/8/21,8770.054067,282.9871209,94.3472378,0.022363147,231.2133621,72.92245869,2081.864228,2.6,15211.52418,33.10549451,210.9428571,17.06999969,,
6/9/21,9166.657453,283.8477924,94.66489646,0.021753233,233.9960938,72.78904005,2383.46791,2.6,15234.62747,33.08351648,211.0714286,17.88999939,,
6/10/21,10893.04866,285.2184915,94.76813552,0.021244971,233.9960938,72.08382723,5187.710568,2.6,15257.73077,33.06153846,211.2,16.10000038,,
6/11/21,9236.646286,286.079163,95.41139431,0.020635057,232.4331897,72.17277299,4644.330877,2.6,15280.83407,33.03956044,211.3285714,15.64999962,,
6/14/21,5713.875037,286.4935604,94.94284779,0.018957795,235.3683998,71.75345726,3089.318462,2.6,15350.14396,32.97362637,211.7142857,16.38999939,,
6/15/21,8256.802627,284.2621898,95.26844791,0.018957795,234.4916487,71.79157687,2241.619508,2.6,15373.24725,32.95164835,211.8428571,17.02000046,,
6/16/21,8536.757958,286.4616837,95.33992111,0.018957795,238.0748922,71.82969648,2242.052366,2.6,15396.35055,32.92967033,211.9714286,18.14999962,,
6/17/21,12199.50687,285.0272312,95.8164091,0.018957795,235.7114763,72.03300108,2985.081093,2.6,15419.45385,32.90769231,212.1,17.75,,
6/18/21,13645.94275,282.9871209,96.06259456,0.018957795,233.0431034,72.48408315,2737.455402,2.6,15442.55714,32.88571429,212.2285714,20.70000076,,
6/21/21,11452.95932,283.210258,94.99843805,0.018957795,232.0519935,72.87798581,1998.118731,2.6,15511.86703,32.81978022,212.6142857,17.88999939,,
6/22/21,11476.28893,283.6884088,95.14138445,0.01941523,233.7292565,73.18929598,2296.548378,2.6,15534.97033,32.7978022,212.7428571,16.65999985,,
6/23/21,11406.3001,286.6848208,95.68934564,0.019821839,236.5119881,73.13846983,2316.722097,2.6,15558.07363,32.77582418,212.8714286,16.31999969,,
6/24/21,11499.61854,284.4534502,96.04671163,0.020228448,237.0837823,72.65562141,2988.727485,2.6,15581.17692,32.75384615,213,15.97000027,,
6/25/21,9703.238504,284.4534502,96.11024336,0.020635057,238.0367726,72.31889817,2884.52435,2.6,15604.28022,32.73186813,213.1285714,15.61999989,,
6/28/21,9329.964729,286.8442044,96.1261263,0.021905711,236.1689116,72.17277299,1941.421068,2.6,15673.59011,32.66593407,213.5142857,15.76000023,,
6/29/21,10006.52345,283.0827511,95.57816511,0.028360632,232.7762662,72.17277299,2083.431287,2.6,15696.69341,32.64395604,213.6428571,16.02000046,,
6/30/21,9959.864224,282.50897,95.24462351,0.034510596,236.0926724,72.36972432,2144.870861,2.6,15719.7967,32.62197802,213.7714286,15.82999992,,
7/1/21,8942.069118,282.9399158,94.09120265,0.041645339,238.1320043,72.75983297,2878.181476,3.387096774,15742.9,32.6,213.9,15.47999954,,
7/2/21,8030.571555,284.5406654,93.69686659,0.047935075,237.5983297,73.06224856,2368.446656,3.387096774,15750.22826,32.67608696,214.5532609,15.06999969,,
7/6/21,10507.97519,280.526087,93.66824543,0.060705145,237.1408944,73.33416846,2246.012868,3.387096774,15779.5413,32.98043478,217.1663043,16.44000053,,
7/7/21,14200.70891,279.6875991,93.05766057,0.055876661,234.4344019,73.41294899,2627.654499,3.387096774,15786.86957,33.05652174,217.8195652,16.20000076,,
7/8/21,15789.98671,275.4697509,92.59018154,0.050857579,232.0328664,74.37356322,3002.202666,3.387096774,15794.19783,33.1326087,218.4728261,19,,
7/9/21,13102.23748,276.3336476,93.16578497,0.046029095,232.6808998,74.20583693,3307.772661,3.387096774,15801.52609,33.20869565,219.126087,16.18000031,,
7/12/21,13406.07,279.0015636,92.92409513,0.031988371,232.5665409,74.53366559,2993.683146,3.387096774,15823.51087,33.43695652,221.0858696,16.17000008,,
7/13/21,13896.87638,279.5097381,93.27390937,0.030145923,233.0620959,74.58703305,2926.896698,3.387096774,15830.83913,33.51304348,221.7391304,17.12000084,,
7/14/21,14153.96544,277.2991791,93.362953,0.028367008,229.70757,74.51333513,2748.420875,3.387096774,15838.16739,33.58913043,222.3923913,16.32999992,,
7/15/21,15906.84537,275.8762905,93.32479145,0.026588093,225.7431304,74.06860632,3096.807151,3.387096774,15845.49565,33.66521739,223.0456522,17.01000023,,
7/16/21,12050.50953,274.453402,93.31525106,0.024936243,223.5321929,74.14230424,2605.475901,3.387096774,15852.82391,33.74130435,223.698913,18.45000076,,
7/19/21,13522.92867,266.2972015,93.07992148,0.019980693,214.5359644,74.23633261,2817.221001,3.387096774,15874.8087,33.96956522,225.6586957,22.5,,
7/20/21,14714.88702,266.7037411,93.26118886,0.019154768,215.1077586,74.29732399,2948.630843,3.387096774,15882.13696,34.04565217,226.3119565,19.72999954,,
7/21/21,13709.90253,269.3716572,93.40747481,0.018455909,219.0340787,74.3684806,4572.617439,3.387096774,15889.46522,34.12173913,226.9652174,17.90999985,,
7/22/21,14364.31103,268.9651176,93.73184802,0.017757049,220.5969828,74.49046336,4573.229917,3.387096774,15896.79348,34.19782609,227.6184783,17.69000053,,
7/23/21,14247.45237,269.0413437,93.93855643,0.01705819,219.5677532,74.3659393,3815.012751,3.387096774,15904.12174,34.27391304,228.2717391,17.20000076,,
7/26/21,17098.80372,268.6093954,93.6650653,0.014961611,219.5296336,73.89325611,2918.310033,3.387096774,15926.10652,34.50217391,230.2315217,17.57999992,,
7/27/21,14971.97607,267.1610982,93.87177371,0.011022584,219.987069,74.00253233,2845.581773,3.387096774,15933.43478,34.57826087,230.8847826,19.36000061,,
7/28/21,15976.96057,268.7872565,93.97989812,0.007464754,223.1128772,74.05589978,2869.453534,3.387096774,15940.76304,34.65434783,231.5380435,18.30999947,,
7/29/21,18664.70979,273.5640966,93.87177371,0.003906923,226.3149246,73.81193427,3208.100849,3.387096774,15948.0913,34.73043478,232.1913043,17.70000076,,
7/30/21,15766.61498,273.8690013,94.09756291,0.000349093,223.7227909,73.54255568,2783.636895,3.387096774,15955.41957,34.80652174,232.8445652,18.23999977,,
8/2/21,18010.30128,273.7927751,94.24702899,-0.010070268,225.5906519,73.08766164,2482.616675,4.032258065,15977.40435,35.03478261,234.8043478,19.45999908,,
8/3/21,17940.18609,274.6566718,94.05940135,-0.008863147,224.7520205,73.04700072,2426.220226,4.032258065,15984.73261,35.11086957,235.4576087,18.04000092,,
8/4/21,19482.72043,275.0632114,94.09756291,-0.007719558,224.7901401,72.99617457,2625.049988,4.032258065,15992.06087,35.18695652,236.1108696,17.96999931,,
8/5/21,17893.44262,277.6040838,94.05622122,-0.00657597,225.8574892,72.85640266,2839.890747,4.032258065,15999.38913,35.26304348,236.7641304,17.28000069,,
8/6/21,16327.53655,275.9016992,94.09120265,-0.005432381,223.1128772,72.82844828,2595.991164,4.032258065,16006.71739,35.33913043,237.4173913,16.14999962,,
8/9/21,14060.47851,275.9525167,94.05940135,-0.002065149,223.9896282,73.27063578,2672.553235,4.032258065,16028.70217,35.5673913,239.3771739,16.71999931,,
8/10/21,15626.38458,276.4098737,93.99897889,-0.002065149,225.78125,73.39770115,3069.777169,4.032258065,16036.03043,35.64347826,240.0304348,16.79000092,,
8/11/21,15275.8086,277.9089884,93.73184802,-0.002065149,227.1154364,73.5171426,4628.703221,4.032258065,16043.3587,35.71956522,240.6836957,16.17000008,,
8/12/21,16911.82986,282.1776541,94.10710329,-0.002065149,229.2501347,73.64674928,5694.071114,4.032258065,16050.68696,35.79565217,241.3369565,15.59000015,,
8/13/21,15603.01285,286.8274506,94.21840783,-0.002065149,229.2120151,73.92121049,4913.808812,4.032258065,16058.01522,35.87173913,241.9902174,15.44999981,,
8/16/21,13663.15906,285.6586493,94.03396032,-0.002065149,231.0417565,73.43836207,3254.229039,4.032258065,16080,36.1,243.95,16.12000084,,
8/17/21,14738.25875,288.6060613,94.08484239,-0.001302757,232.070986,73.41294899,3023.192134,4.032258065,16087.32826,36.17608696,244.6032609,17.90999985,,
8/18/21,14504.54143,288.1487043,93.98625837,-0.000603897,229.70757,73.40024246,3127.944113,4.032258065,16094.65652,36.25217391,245.2565217,21.56999969,,
8/19/21,14153.96544,285.3791533,93.75410892,9.50E-05,223.9515086,73.47139907,3908.995582,4.032258065,16101.98478,36.32826087,245.9097826,21.67000008,,
8/20/21,14831.74568,282.736646,93.60782297,0.000793822,222.8841595,73.54255568,3704.476322,4.032258065,16109.31304,36.40434783,246.5630435,18.55999947,,
8/23/21,14598.02836,284.0833084,93.69686659,0.002953933,227.5728718,74.25412177,2091.789228,4.032258065,16131.29783,36.6326087,248.5228261,17.14999962,,
8/24/21,16561.25388,285.4807882,93.75410892,0.003271597,228.9832974,74.15246947,2090.29338,4.032258065,16138.62609,36.70869565,249.176087,17.21999931,,
8/25/21,16280.79309,284.9980225,93.81453138,0.003525727,226.8485991,74.05589978,2771.800499,4.032258065,16145.95435,36.78478261,249.8293478,16.79000092,,
8/26/21,20394.21799,285.0742486,93.60146271,0.003779858,223.1891164,73.9237518,3078.462104,4.032258065,16153.28261,36.86086957,250.4826087,18.84000015,,
8/27/21,18057.04475,288.1995217,93.6110031,0.004097522,226.5436422,73.75856681,3226.653963,4.032258065,16160.61087,36.93695652,251.1358696,16.38999939,,
8/30/21,21726.40673,291.2739773,93.86859358,0.004923446,229.1738955,73.83480603,2924.89492,4.032258065,16182.59565,37.16521739,253.0956522,16.19000053,,
8/31/21,23198.82588,290.4100807,93.8590532,0.005685839,228.1446659,73.70011674,2414.94344,4.032258065,16189.92391,37.24130435,253.748913,16.47999954,,
9/1/21,21866.63713,289.7240452,94.11664368,0.006384698,232.4521821,73.54763829,2291.254884,3.033333333,16197.25217,37.3173913,254.4021739,16.11000061,,
9/2/21,25302.28179,290.1559935,94.24384886,0.007083558,235.6542295,73.27317708,2734.633031,3.033333333,16204.58043,37.39347826,255.0554348,16.40999985,,
9/3/21,23689.63226,289.088827,94.17388601,0.007782417,236.4166218,73.16135955,2558.027036,3.033333333,16211.9087,37.46956522,255.7086957,16.40999985,,
9/7/21,18080.41648,283.3464554,93.83997242,0.009624865,236.7596983,72.91993534,2326.402602,3.033333333,16241.22174,37.77391304,258.3217391,18.13999939,,
9/8/21,17776.58396,284.0578997,93.98625837,0.009370735,237.3314925,72.96313757,2768.670264,3.033333333,16248.55,37.85,258.975,17.95999908,,
9/9/21,16047.07576,281.2121226,94.26610977,0.009116604,237.1408944,73.20456178,2913.397662,3.033333333,16255.87826,37.92608696,259.6282609,18.79999924,,
9/10/21,17075.43199,279.1286072,94.31381171,0.00879894,235.9591864,73.42565553,2813.759049,3.033333333,16263.20652,38.00217391,260.2815217,20.95000076,,
9/13/21,16771.59947,282.2030628,94.40285533,0.007973015,242.1345636,72.8716505,2713.209791,3.033333333,16285.1913,38.23043478,262.2413043,19.37000084,,
9/14/21,15112.20647,280.4498609,94.32017197,0.008227146,243.7355873,72.97838542,2300.057138,3.033333333,16292.51957,38.30652174,262.8945652,19.45999908,,
9/15/21,15743.24324,282.2030628,94.3774143,0.008481277,245.7559267,73.06224856,2321.353011,3.033333333,16299.84783,38.3826087,263.5478261,18.18000031,,
9/16/21,22193.84138,284.2357607,94.81309204,0.00879894,245.5272091,72.72171336,3604.028757,3.033333333,16307.17609,38.45869565,264.201087,18.69000053,,
9/17/21,17145.54719,282.6350111,94.80673178,0.009116604,241.5627694,72.83098958,4367.436822,3.033333333,16314.50435,38.53478261,264.8543478,20.80999947,,
9/20/21,16794.9712,277.0450918,94.25656938,0.009942529,234.9299569,72.82590697,3300.384779,3.033333333,16336.48913,38.76304348,266.8141304,25.70999908,,
9/21/21,17355.89278,277.7057187,94.39013482,0.011086117,237.9414063,73.07749641,2669.888466,3.033333333,16343.81739,38.83913043,267.4673913,24.36000061,,
9/22/21,16724.856,280.0179125,94.78447087,0.012229705,244.6885776,73.32400323,2459.351357,3.033333333,16351.14565,38.91521739,268.1206522,20.87000084,,
9/23/21,18454.3642,284.3628044,94.81627216,0.013373294,245.9846444,73.19439655,3098.683012,3.033333333,16358.47391,38.99130435,268.773913,18.62999916,,
9/24/21,16467.76695,284.8963876,94.72722854,0.014516882,246.3658405,72.87673312,4567.223466,3.033333333,16365.80217,39.0673913,269.4271739,17.75,,
9/27/21,16374.28002,285.3029272,95.05478187,0.017947647,252.0075431,72.88943966,2599.747093,3.033333333,16387.78696,39.29565217,271.3869565,18.76000023,,
9/28/21,15556.26938,282.736646,95.24558964,0.02061602,251.9694235,72.7699982,2222.524168,3.033333333,16395.11522,39.37173913,272.0402174,23.25,,
9/29/21,17589.6101,283.0923682,95.26785055,0.023474991,252.9605334,72.65818068,2185.136454,3.033333333,16402.44348,39.44782609,272.6934783,22.55999947,,
9/30/21,18244.01861,283.3210467,95.32827301,0.026143364,255.1333513,72.51332615,2367.026403,3.033333333,16409.77174,39.52391304,273.3467391,23.13999939,,
10/1/21,9835.074895,282.9730225,96.7034089,0.029161234,254.9427083,72.75220905,2259.970388,3.290322581,16417.1,39.6,274,21.10000038,,
10/4/21,12818.86226,282.7181035,96.92649036,0.036975754,261.3468032,72.91993534,3733.680773,3.290322581,16423.51739,39.6,274,22.95999908,,
10/5/21,6524.935785,287.0517257,97.45551209,0.036518319,267.9033764,72.91993534,4510.290615,3.290322581,16425.65652,39.6,274,21.29999924,,
10/6/21,6944.530883,288.6449691,97.92717002,0.036099003,262.4141523,72.85386135,3580.754298,3.290322581,16427.79565,39.6,274,21,,
10/7/21,7131.017594,295.6552402,98.36058542,0.035641568,265.0571121,72.5641523,2608.715193,3.290322581,16429.93478,39.6,274,19.54000092,,
10/8/21,7084.395916,297.8857811,98.43707049,0.035222252,264.8538075,72.51332615,2625.433234,3.290322581,16432.07391,39.6,274,18.77000046,,
10/11/21,9042.506375,299.5427542,98.80674833,0.034002425,266.378592,71.84242098,2650.616935,3.290322581,16438.4913,39.6,274,20,,
10/12/21,10394.53503,299.351565,98.68564697,0.034116783,266.0228089,71.72552083,3237.57998,3.290322581,16440.63043,39.6,274,19.85000038,,
10/13/21,12678.99723,297.9495108,98.67289945,0.034269262,262.9732399,71.68485991,5521.199621,3.290322581,16442.76957,39.6,274,18.63999939,,
10/14/21,9182.371408,299.4790245,98.7812533,0.03442174,265.6670259,71.87291667,5113.011942,3.290322581,16444.9087,39.6,274,16.86000061,,
10/15/21,9275.614764,298.395619,99.26565875,0.034574219,269.3773348,71.84242098,3761.216752,3.290322581,16447.04783,39.6,274,16.29999924,,
10/18/21,8716.154632,297.3122134,99.24016372,0.034993534,267.4459411,71.20709411,2009.085093,3.290322581,16453.46522,39.6,274,16.30999947,,
10/19/21,10953.99516,299.1603758,99.34214382,0.035107893,269.3265086,71.18168103,2366.885733,3.290322581,16455.60435,39.6,274,15.69999981,,
10/20/21,6151.962364,298.6505379,99.29752753,0.035260372,269.6822917,71.12577227,2841.014393,3.290322581,16457.74348,39.6,274,15.48999977,,
10/21/21,8249.937856,296.7386458,99.24016372,0.03541285,264.4471983,70.97837644,3195.803757,3.290322581,16459.88261,39.6,274,15.01000023,,
10/22/21,5965.475653,299.4152948,100.330076,0.035565329,265.6670259,71.03936782,2736.736852,3.290322581,16462.02174,39.6,274,15.43000031,,
10/25/21,6478.314107,306.2343767,101.1841593,0.035984644,272.6810345,70.57684986,4312.674368,3.290322581,16468.43913,39.6,274,15.23999977,,
10/26/21,7224.260949,306.7442146,101.4646045,0.035069774,271.2070761,70.32780172,4869.57982,3.290322581,16470.57826,39.6,274,15.97999954,,
10/27/21,12678.99723,304.6411332,100.5914,0.034193023,265.2604167,70.03809267,3200.675505,3.290322581,16472.71739,39.6,274,16.97999954,,
10/28/21,13471.56575,304.0675656,100.3237022,0.033354391,262.3633261,69.59082256,2587.592927,3.290322581,16474.85652,39.6,274,16.53000069,,
10/29/21,13844.53917,300.6898895,99.75006419,0.03247764,258.9579741,69.91610991,2615.980712,3.290322581,16476.99565,39.6,274,16.26000023,,
11/1/21,16408.73144,301.1359977,99.44412391,0.029961746,260.1778017,70.73949353,2027.573344,5.266666667,16483.41304,39.6,274,16.40999985,,
11/2/21,19299.27545,299.5427542,98.48168678,0.027636449,255.857579,70.92246767,1974.038047,5.266666667,16485.55217,39.6,274,16.03000069,,
11/3/21,19998.60061,298.3318892,98.41157547,0.025539871,251.6898348,71.14610273,2430.317253,5.266666667,16487.6913,39.6,274,15.10000038,,
11/5/21,16735.08318,301.6458356,99.59709405,0.021308594,255.501796,71.48155532,2858.600237,5.266666667,16491.96957,39.6,274,16.47999954,,
11/8/21,18180.35519,304.9597819,99.13180987,0.014942619,258.8563218,71.42564655,2863.900725,5.266666667,16498.38696,39.6,274,17.21999931,,
11/9/21,20791.16913,306.4892956,99.65445785,0.015705011,258.1447557,71.41039871,3091.807136,5.266666667,16500.52609,39.6,274,17.78000069,,
11/10/21,20185.08732,306.4255659,99.90303433,0.016429283,259.1104526,71.37990302,3806.103734,5.266666667,16502.66522,39.6,274,18.72999954,,
11/11/21,30908.07317,304.1312953,99.83929677,0.017115436,260.2286279,71.22234195,4836.534503,5.266666667,16504.80435,39.6,274,17.65999985,,
11/12/21,24054.68656,295.464051,98.51992931,0.017877829,254.0786638,70.74965876,3135.882539,5.266666667,16506.94348,39.6,274,16.29000092,,
11/15/21,18413.46357,296.5474566,98.25860533,0.019974407,253.6212284,71.97456897,2372.08727,5.266666667,16513.36087,39.6,274,16.48999977,,
11/16/21,16501.97479,291.0666991,97.77419988,0.020393723,251.9947917,72.13213003,2535.797731,5.266666667,16515.5,39.6,274,16.37000084,,
11/17/21,17481.03002,292.8511318,98.69839448,0.020851158,254.9935345,72.29477371,2563.23366,5.266666667,16517.63913,39.6,274,17.11000061,,
11/18/21,19299.27545,286.6056175,98.13113021,0.021232355,246.3022629,72.57940014,7687.725337,5.266666667,16519.77826,39.6,274,17.59000015,,
11/19/21,20418.19571,280.7424816,97.87617998,0.02168979,240.0506466,72.8030352,4246.532617,5.266666667,16521.91739,39.6,274,17.90999985,,
11/22/21,25266.85018,270.6731831,96.05328581,0.022947737,230.2411997,73.0063398,9070.305172,5.266666667,16528.33478,39.6,274,19.17000008,,
11/23/21,28437.12426,268.9524802,96.3719736,0.024434402,233.748204,73.23505747,7488.228573,5.266666667,16530.47391,39.6,274,19.37999916,,
11/24/21,23495.22643,271.5016697,96.77352022,0.025844828,236.2386853,73.56542744,4633.833083,5.266666667,16532.61304,39.6,274,18.57999992,,
11/26/21,48997.28408,264.4913986,95.97680074,0.028741918,223.4813218,74.38881106,5040.888731,5.266666667,16536.8913,39.6,274,28.62000084,,
11/29/21,27458.06903,272.3301563,96.99022791,0.032973195,230.0887213,75.37483836,3820.566684,5.266666667,16543.3087,39.6,274,22.95999908,,
11/30/21,22982.38798,272.2026968,96.74165144,0.02958055,229.4788075,75.17153376,2296.147412,5.266666667,16545.44783,39.6,274,27.19000053,,
12/1/21,12259.40213,273.85967,97.58298721,0.026340383,235.9337284,74.9783944,2135.718775,3.129032258,16547.58696,39.6,274,31.12000084,,
12/2/21,12166.15878,275.0068053,97.85068495,0.023100216,238.8816451,74.83099856,2267.123084,3.129032258,16549.72609,39.6,274,27.95000076,,
12/3/21,13331.70072,271.8203184,98.24585781,0.019821929,236.6452945,73.98220187,2172.525889,3.129032258,16551.86522,39.6,274,30.67000008,,
12/6/21,16641.83983,267.8690747,97.79969491,0.009948949,233.5448994,73.71282328,2533.764185,3.129032258,16558.28261,39.6,274,27.18000031,,
12/7/21,10674.26509,272.5850752,97.23243064,0.009796471,238.0684267,73.69249282,2393.401943,3.129032258,16560.42174,39.6,274,21.88999939,,
12/8/21,11466.83361,271.2467507,97.85705871,0.009643992,234.1039871,73.69249282,2293.02437,3.129032258,16562.56087,39.6,274,19.89999962,,
12/9/21,12725.61891,272.2026968,98.06739265,0.009491514,236.2895115,74.1295977,2421.702533,3.129032258,16564.7,39.6,274,21.57999992,,
12/10/21,16362.10976,268.3789126,98.45619176,0.009415275,234.7139009,73.82972342,2206.961876,3.129032258,16566.83913,39.6,274,18.69000053,,
12/13/21,15569.54124,259.9665872,98.47531302,0.008957839,226.5308908,73.53493175,2514.632321,3.129032258,16573.25652,39.6,274,20.30999947,,
12/14/21,15569.54124,258.8831817,98.23948406,0.0108257,227.2424569,73.46885776,2843.216934,3.129032258,16575.39565,39.6,274,21.88999939,,
12/15/21,17201.29996,258.1821545,98.29684786,0.012693561,228.8688937,73.40786638,3105.598958,3.129032258,16577.53478,39.6,274,19.29000092,,
12/16/21,23168.87469,264.0452904,98.45619176,0.014561422,236.797773,73.4841056,3958.082697,3.129032258,16579.67391,39.6,274,20.56999969,,
12/17/21,19532.38384,259.3292898,98.18212026,0.016467403,234.3072917,73.83480603,3535.115326,3.129032258,16581.81304,39.6,274,21.56999969,,
12/20/21,19485.76216,255.3143163,98.16937274,0.021956627,231.9692888,73.92121049,2761.678606,3.129032258,16588.23043,39.6,274,22.87000084,,
12/21/21,20604.68242,256.9075598,97.55749218,0.022528421,234.2056394,74.11434986,2747.937463,3.129032258,16590.36957,39.6,274,21.01000023,,
12/22/21,20231.709,259.3930196,97.65309852,0.023138335,239.0341236,74.27699353,3107.997905,3.129032258,16592.5087,39.6,274,18.62999916,,
12/23/21,19019.54538,255.887884,97.60848223,0.02367201,236.137033,73.81955819,3405.401304,3.129032258,16594.64783,39.6,274,17.95999908,,
12/27/21,28110.77252,257.2262085,97.64672477,0.025997306,238.3225575,73.20456178,2446.450994,3.129032258,16603.20435,39.6,274,17.68000031,,
12/28/21,30768.20814,255.887884,97.49375463,0.028132004,239.847342,73.21472701,2618.768528,3.129032258,16605.34348,39.6,274,17.54000092,,
12/29/21,32633.07524,252.7651268,97.30254195,0.030266703,237.9667744,73.24014009,2308.682116,3.129032258,16607.48261,39.6,274,16.95000076,,
12/30/21,25546.58025,251.3630726,96.04691205,0.032363281,237.814296,73.49427083,1973.386433,3.129032258,16609.62174,39.6,274,17.32999992,,
12/31/21,8389.802889,252.1278295,95.57525412,0.034574219,238.7291667,73.67216236,1475.231668,3.129032258,16611.76087,39.6,274,17.21999931,,
1/3/22,23228.11988,255.1339489,96.60331924,0.040913254,241.5499282,74.23311298,1957.175122,2.193548387,16592.27111,39.6,274,16.60000038,,
1/4/22,23190.75656,258.194386,95.98310987,0.0429463,243.0747126,74.28413462,2159.330991,2.193548387,16581.45667,39.6,274,16.90999985,,
1/5/22,22107.22033,254.1138032,95.17206684,0.045233477,237.4838362,74.38617788,1939.641194,2.193548387,16570.64222,39.6,274,19.72999954,,
1/6/22,22368.76356,248.8855566,94.64727429,0.047266523,232.7824174,74.48822115,1790.479842,2.193548387,16559.82778,39.6,274,19.61000061,,
1/7/22,21397.31728,248.7580383,95.79227621,0.0495537,234.0530711,74.53924279,1531.167298,2.193548387,16549.01333,39.6,274,18.76000023,,
1/10/22,23041.30329,248.6305201,96.12623511,0.055652838,237.3567708,74.79435096,3020.18492,2.193548387,16516.57,39.6,274,19.39999962,,
1/11/22,24311.65612,251.1808844,96.31706876,0.05311153,240.9146013,74.79435096,2729.710582,2.193548387,16505.75556,39.6,274,18.40999985,,
1/12/22,23639.11638,251.8184754,96.31706876,0.050824353,243.7100395,74.48822115,2258.789246,2.193548387,16494.94111,39.6,274,17.62000084,,
1/13/22,24349.01943,238.5565815,94.55185746,0.048791307,230.622306,74.23311298,2821.304603,2.193548387,16484.12667,39.6,274,20.30999947,,
1/14/22,24087.47621,232.818262,93.12060506,0.046758261,230.4952407,74.38617788,2447.701905,2.193548387,16473.31222,39.6,274,19.19000053,,
1/18/22,21509.40723,221.4691412,94.21789857,0.043708693,213.2143499,75.76376202,1939.790292,2.193548387,16430.05444,39.6,274,22.79000092,,
1/19/22,19454.42472,221.8516959,94.26560698,0.0429463,220.4570761,76.12091346,2308.366709,2.193548387,16419.24,39.6,274,23.85000038,,
1/20/22,21472.04392,221.5966594,93.78852285,0.042438039,222.8713182,76.52908654,2801.986883,2.193548387,16408.42556,39.6,274,25.59000015,,
1/21/22,21584.13387,215.6033035,93.78852285,0.041675647,217.2804418,76.1719351,2138.767151,2.193548387,16397.61111,39.6,274,28.85000038,,
1/24/22,19865.42122,200.3011182,91.78476948,0.039896731,201.016074,76.83521635,2313.014509,2.193548387,16365.16778,39.6,274,29.89999962,,
1/25/22,19790.69459,203.3615553,91.59393583,0.03938847,202.2867277,77.24338942,2393.468831,2.193548387,16354.35333,39.6,274,31.15999985,,
1/26/22,20463.23432,204.7642556,91.25997694,0.038880208,204.9551006,78.36586538,2113.577351,2.193548387,16343.53889,39.6,274,31.95999908,,
1/27/22,22518.21683,212.1603118,93.07289665,0.038117816,217.9157687,78.67199519,2316.876102,2.193548387,16332.72444,39.6,274,30.48999977,,
1/28/22,22331.40024,212.2878301,93.54998078,0.037609555,219.5676185,78.56995192,2222.225671,2.193548387,16321.91,39.6,274,27.65999985,,
1/31/22,24124.83952,216.6234492,93.45456395,0.03938847,222.2359914,77.24338942,2098.592097,2.193548387,16289.46667,39.6,274,24.82999992,,
2/1/22,21359.95396,220.1939591,94.26560698,0.039896731,224.3961027,77.14134615,2143.296489,6.964285714,16278.65222,39.6,274,21.95999908,,
2/2/22,21957.76705,220.9590684,94.98123318,0.040659124,226.0479526,76.73317308,2267.587162,6.964285714,16267.83778,39.6,274,22.09000015,,
2/3/22,23713.84302,216.6234492,94.45644064,0.041167385,222.6171875,76.22295673,2943.451296,6.964285714,16257.02333,39.6,274,24.35000038,,
2/4/22,21995.13037,218.1536678,94.07477333,0.041675647,224.5231681,76.325,2771.506928,6.964285714,16246.20889,39.6,274,23.21999931,,
2/7/22,18893.97494,219.1738134,94.83810794,0.035068247,226.0479526,75.50865385,2158.122253,6.964285714,16213.76556,39.6,274,22.86000061,,
2/8/22,18819.24831,223.8919872,95.60144256,0.033035201,230.3681753,75.30456731,2093.702901,6.964285714,16202.95111,39.6,274,21.44000053,,
2/9/22,19417.0614,230.9054888,95.93540145,0.031002155,234.5613326,74.94741587,2090.03528,6.964285714,16192.13667,39.6,274,19.95999908,,
2/10/22,21322.59064,234.8585534,96.36477717,0.028714978,234.8154634,74.48822115,2782.230423,6.964285714,16181.32222,39.6,274,23.90999985,,
2/11/22,23527.02643,225.0396511,95.4106089,0.026681932,225.0314296,74.43719952,2902.89488,6.964285714,16170.50778,39.6,274,27.36000061,,
2/14/22,24498.47271,219.8114045,94.55185746,0.027952586,219.3134878,75.81478365,5515.980216,6.964285714,16138.06444,39.6,274,28.32999992,,
2/15/22,21808.31378,228.4826428,95.45831732,0.028460848,227.5727371,76.22295673,5913.46321,6.964285714,16127.25,39.6,274,25.70000076,,
2/16/22,24274.2928,232.9457802,95.69685938,0.028714978,230.4952407,75.81478365,4470.929513,6.964285714,16116.43556,39.6,274,24.29000092,,
2/17/22,29131.52419,225.0396511,94.55185746,0.02922324,219.3134878,74.79435096,4699.620165,6.964285714,16105.62111,39.6,274,28.11000061,,
2/18/22,29579.88401,217.7711131,94.45644064,0.029731501,211.3083693,75.45763221,2587.844769,6.964285714,16094.80667,39.6,274,27.75,,
2/22/22,28272.16787,193.5426531,90.73518439,0.034814116,183.9893139,76.68215144,2539.580418,6.964285714,16051.54889,39.6,274,28.80999947,,
2/23/22,24946.83253,159.3677726,89.59018247,0.03608477,147.267421,80.3046875,1893.999461,6.964285714,16040.73444,39.6,274,31.02000046,,
2/24/22,19603.87799,127.2331834,84.91475795,0.037355424,115.7552083,83.46802885,656.2560833,6.964285714,16029.92,39.6,274,30.31999969,,
2/25/22,22181.94697,145.085733,87.5864291,0.038880208,151.3335129,86.58034856,697.0019016,6.964285714,16019.10556,39.6,274,27.59000015,,
2/28/22,26030.36876,143.4279962,70.41140028,0.157305136,149.6816631,90.04981971,464.0589597,6.964285714,15986.66222,39.6,274,30.14999962,,
3/1/22,24012.74957,142.9179234,69.55264883,0.196441272,149.1734016,93.26418269,479.1524615,8.903225806,15975.84778,39.6,274,33.31999969,,
3/2/22,35819.55819,142.1528141,79.23745676,0.235577407,148.5380747,92.03966346,582.5748398,8.903225806,15965.03333,39.6,274,30.73999977,,
3/3/22,39966.88654,141.6427413,70.79306758,0.274713542,148.0298132,103.2644231,766.6791059,8.903225806,15954.21889,39.6,274,30.47999954,,
3/4/22,38322.90053,141.1326684,65.97451783,0.313849677,147.5215517,111.376863,525.1896288,8.903225806,15943.40444,39.6,274,31.97999954,,
3/7/22,31298.59666,139.3474135,66.06993466,0.309275323,145.9967672,108.3155649,405.085442,8.903225806,15910.96111,23.76,164.4,36.45000076,,
3/8/22,36492.09792,138.8373406,66.16535148,0.307750539,145.3614404,110.8666466,495.425818,8.903225806,15900.14667,15.84,109.6,35.13000107,,
3/9/22,35296.47173,138.1997496,65.73597576,0.305971624,144.8531789,113.46875,500.7594596,8.903225806,15889.33222,7.92,54.8,32.45000076,,
3/10/22,29467.79406,137.5621585,63.20742985,0.304446839,144.3449174,116.0198317,399.6735296,8.903225806,15878.51778,0,0,30.22999954,,
3/11/22,26590.81854,137.0520857,61.20367649,0.302922055,143.7095905,120.1525841,410.6512406,8.903225806,15867.70333,0,0,30.75,,
3/14/22,22891.85002,135.2668307,61.39451014,0.298347701,142.184806,115.6116587,371.6059834,8.903225806,15835.26,0,0,31.77000046,,
3/15/22,21883.04042,134.7567579,64.06618129,0.296568786,141.6765445,114.8973558,479.565046,8.903225806,15824.44556,0,0,29.82999992,,
3/16/22,21098.41073,134.246685,66.06993466,0.295044001,141.0412177,111.2237981,548.6667217,8.903225806,15813.63111,0,0,26.67000008,,
3/17/22,19118.15485,133.609094,67.97827119,0.293519217,140.5329562,107.7543269,553.9206083,8.903225806,15802.81667,0,0,25.67000008,,
3/18/22,15232.36974,132.9715029,70.1251498,0.291994432,140.0246947,104.5909856,564.801903,8.903225806,15792.00222,0,0,23.87000084,,
3/21/22,14485.10337,131.186248,70.02973297,0.276492457,138.3728448,104.2848558,472.2845889,8.903225806,15759.55889,0,0,23.53000069,,
3/22/22,14074.10687,130.6761751,70.17285821,0.271155711,137.8645833,104.4889423,564.857519,8.903225806,15748.74444,0,0,22.94000053,,
3/23/22,12318.0309,130.1661023,70.74535917,0.266073096,137.3563218,103.8766827,649.94097,8.903225806,15737.93,0,0,23.56999969,,
3/24/22,10599.31825,129.6560294,71.5564022,0.260736351,136.720995,102.7542067,629.3235956,8.903225806,15727.11556,0,0,21.67000008,,
3/25/22,9926.778521,129.0184384,76.47036878,0.255907866,136.2127335,95.96832933,575.3974217,8.903225806,15716.30111,0,0,20.80999947,,
3/28/22,8656.425694,127.2331834,76.80432767,0.205844109,134.687949,94.18257212,554.4230758,8.903225806,15683.85778,0,0,19.62999916,,
3/29/22,9030.058878,140.1125227,78.37870532,0.189325611,146.1238326,93.26418269,639.306163,8.903225806,15673.04333,0,0,18.89999962,,
3/30/22,9478.418699,165.8712013,84.58079906,0.172807112,154.5101473,86.17217548,740.4813655,8.903225806,15662.22889,0,0,19.32999992,,
3/31/22,12243.30426,176.4552128,86.91851132,0.156034483,165.9460309,83.82518029,716.3481643,8.903225806,15651.41444,0,0,20.55999947,,
4/1/22,9028.714301,180.3877766,87.8475188,0.139897629,165.8444684,83.37478448,798.0771169,6.733333333,15640.6,0,0,19.62999916,,
4/4/22,10133.62392,178.3997096,87.9744361,0.122108477,165.9461207,83.55775862,772.4539533,6.733333333,15696.62088,0,0,18.56999969,,
4/5/22,12016.63892,170.2883963,87.9744361,0.116517601,160.5585489,83.55775862,712.5875605,6.733333333,15715.29451,0,0,21.03000069,,
4/6/22,11238.53355,176.7297334,88.5455639,0.110418463,166.5560345,83.28329741,736.5714082,6.733333333,15733.96813,0,0,22.10000038,,
4/7/22,11487.52727,183.2505931,90.5762406,0.104827586,172.5535201,82.09396552,791.2001495,6.733333333,15752.64176,0,0,21.54999924,,
4/8/22,11549.7757,184.1253426,96.9855639,0.09923671,170.2155172,76.11681034,884.8708145,6.733333333,15771.31538,0,0,21.15999985,,
4/11/22,10771.67033,174.5030983,96.5413534,0.084242996,161.2701149,77.85506466,1017.868955,6.733333333,15827.33626,0,0,24.37000084,,
4/12/22,11005.10194,169.1750788,93.4318797,0.079414511,159.5420259,79.16637931,2199.211413,6.733333333,15846.00989,0,0,24.26000023,,
4/13/22,10911.72929,166.3122623,92.9876692,0.074331897,157.5089799,79.65431034,2134.382413,6.733333333,15864.68352,0,0,21.81999969,,
4/14/22,13043.738,160.427584,92.3530827,0.069757543,150.4949713,79.95926724,1898.034963,6.733333333,15883.35714,0,0,22.70000076,,
4/18/22,13183.79697,156.5309727,91.2742857,0.060862967,147.9536638,79.62381466,797.5618942,6.733333333,15958.05165,0,0,22.17000008,,
4/19/22,11861.01784,158.678085,93.6857143,0.059338182,148.5635776,79.41034483,685.9034681,6.733333333,15976.72527,0,0,21.37000084,,
4/20/22,11658.71045,167.4255798,94.3203008,0.058067529,152.0197557,78.86142241,801.1267862,6.733333333,15995.3989,0,0,20.31999969,,
4/21/22,11020.66404,170.6860097,96.6682707,0.056542744,152.3247126,76.87920259,965.3600257,6.733333333,16014.07253,0,0,22.68000031,,
4/22/22,10569.36293,164.403718,99.6508271,0.055272091,149.8850575,74.83599138,877.1811372,6.733333333,16032.74615,0,0,28.20999908,,
4/25/22,10631.61136,166.2327396,100.475789,0.052730783,154.8660201,73.37219828,865.5843955,6.733333333,16088.76703,0,0,27.02000046,,
4/26/22,10242.55868,168.4593747,102.887218,0.05171426,163.6081178,73.3112069,1082.901451,6.733333333,16107.44066,0,0,33.52000046,,
4/27/22,10491.55239,175.8549839,104.410226,0.050951868,168.1824713,72.7012931,1257.650575,6.733333333,16126.11429,0,0,31.60000038,,
4/28/22,11425.27884,173.4693035,104.981353,0.049935345,167.9791667,72.82327586,1455.112499,6.733333333,16144.78791,0,0,29.98999977,,
4/29/22,9651.198596,176.4116426,105.235188,0.049427083,174.4849138,72.18286638,1151.141637,6.733333333,16163.46154,0,0,33.40000153,,
5/2/22,7207.947738,180.8649127,105.489023,0.0346875,177.0262213,70.32262931,978.0459427,3.290322581,16219.48242,0,0,32.34000015,,
5/3/22,8359.543684,182.4553663,105.362105,0.030113147,177.941092,70.01767241,876.3597356,3.290322581,16238.15604,0,0,29.25,,
5/4/22,9946.878636,183.7277292,105.806316,0.025284662,178.652658,69.71271552,1007.482836,3.290322581,16256.82967,0,0,25.42000008,,
5/5/22,8639.661616,182.6144117,110.121504,0.020456178,178.1443966,69.22478448,1258.269469,3.290322581,16275.5033,0,0,31.20000076,,
5/6/22,6414.280262,176.8887787,115.388571,0.016135955,174.6882184,66.26670259,1171.400074,3.290322581,16294.17692,0,0,30.19000053,,
5/9/22,2741.622921,180.2287313,115.769323,0.013594648,178.1443966,67.94396552,1095.092693,3.290322581,16350.1978,0,0,34.75,,
5/10/22,5340.494853,181.3420488,115.769323,0.012832256,179.2625718,68.24892241,1080.155697,3.290322581,16368.87143,0,0,32.99000168,,
5/11/22,7394.693026,182.534889,115.515489,0.012069864,180.5840517,68.55387931,1288.442188,3.290322581,16387.54505,0,0,32.56000137,,
5/12/22,9993.564958,185.6362735,112.913684,0.011307471,182.4137931,68.64536638,2015.574434,3.290322581,16406.21868,0,0,31.77000046,,
5/13/22,8437.35422,185.4772281,117.8,0.01079921,181.1939655,65.74827586,2407.068172,3.290322581,16424.89231,0,0,28.87000084,,
5/16/22,9853.505992,192.95236,117.926917,0.008003772,188.8178879,63.97952586,1358.013765,3.290322581,16480.91319,0,0,27.46999931,,
5/17/22,10771.67033,195.6561311,120.846015,0.007241379,194.2054598,63.43060345,1238.627096,3.290322581,16499.58681,0,0,26.10000038,,
5/18/22,9791.257562,196.2127899,120.846015,0.006478987,196.9500718,63.49159483,1501.0193,3.290322581,16518.26044,0,0,30.95999908,,
5/19/22,9168.773267,200.2684466,120.909474,0.005462464,203.0492098,63.46109914,1701.325041,3.290322581,16536.93407,0,0,29.35000038,,
5/20/22,7830.432033,198.8370383,122.369023,0.004700072,203.8624282,62.24127155,1463.782537,3.290322581,16555.60769,0,0,29.43000031,,
5/23/22,8157.236288,200.4274919,122.432481,0.00419181,204.8789511,58.36831897,1253.154988,3.290322581,16611.62857,0,0,28.47999954,,
5/24/22,8312.857361,200.0298785,130.364812,0.00419181,205.7938218,58.09385776,1302.945496,3.290322581,16630.3022,0,0,29.45000076,,
5/25/22,8561.851079,194.7813817,133.72812,0.00393768,201.422773,56.90452586,1231.909829,3.290322581,16648.97582,0,0,28.37000084,,
5/26/22,9480.015415,180.6263447,134.172331,0.00393768,192.6806753,56.5080819,1563.988204,3.290322581,16667.64945,0,0,27.5,,
5/27/22,8888.655334,174.1850076,122.432481,0.003683549,188.1063218,62.11928879,1846.481274,3.290322581,16686.32308,0,0,25.71999931,,
5/31/22,9339.956448,185.1591374,120.274887,0.000888111,199.2880747,63.03415948,1457.6049,3.290322581,16761.01758,0,0,26.19000053,,
6/1/22,9573.388059,185.9543642,123.193985,0.000125718,201.3211207,61.60086207,1402.850092,1.8,16779.69121,0,0,25.69000053,,
6/2/22,8904.217442,182.0577529,123.511278,-0.000636674,198.1698994,61.44838362,1532.553679,1.8,16798.36484,0,0,24.71999931,,
6/3/22,8561.851079,179.0358911,123.130526,-0.001399066,199.0847701,61.53987069,1319.874509,1.8,16817.03846,0,0,24.79000092,,
6/6/22,12981.48957,170.0498282,123.067068,-0.007498204,196.7467672,61.35689655,1089.461108,1.8,16873.05934,0,0,25.06999969,,
6/7/22,9791.257562,173.5488262,124.716992,-0.009785381,198.2715517,61.05193966,1083.511681,1.8,16891.73297,0,0,24.02000046,,
6/8/22,11020.66404,180.3082539,124.84391,-0.011818427,207.216954,60.9299569,1212.67618,1.8,16910.40659,0,0,23.95999908,,
6/9/22,10211.43446,176.0935519,126.493835,-0.013851473,207.1153017,60.13706897,1294.496673,1.8,16929.08022,0,0,26.09000015,,
6/10/22,10631.61136,181.5806168,131.316692,-0.015884519,219.4152299,58.33782328,1251.785608,1.8,16947.75385,0,0,27.75,,
6/13/22,6927.829805,180.3877766,132.649323,-0.016138649,219.7201868,57.3924569,1309.725957,1.8,17003.77473,0,0,34.02000046,,
6/14/22,8841.969012,179.9106405,132.903158,-0.01639278,219.9234914,57.20948276,1306.236272,1.8,17022.44835,0,0,32.68999863,,
6/15/22,7923.804677,182.2963209,135.758797,-0.016646911,221.3466236,57.02650862,1239.686731,1.8,17041.12198,0,0,29.62000084,,
6/16/22,7332.444597,189.6919302,136.964511,-0.016646911,228.3606322,56.66056034,1489.970007,1.8,17059.7956,0,0,32.95000076,,
6/17/22,6554.339228,189.8509755,135.949173,-0.016901042,227.5474138,56.84353448,1264.20954,1.8,17078.46923,0,0,31.12999916,,
6/21/22,7612.56253,199.7117878,137.408722,-0.014613865,239.9489943,56.08114224,1164.165986,1.8,17153.16374,0,0,30.19000053,,
6/22/22,8063.863643,199.7913105,141.216241,-0.013851473,242.6936063,54.67834052,1438.150305,1.8,17171.83736,0,0,28.95000076,,
6/23/22,8561.851079,199.6322651,145.150677,-0.013343211,242.9985632,53.27553879,1481.618451,1.8,17190.51099,0,0,29.04999924,,
6/24/22,8079.425751,203.2107857,144.706466,-0.01283495,242.2869971,53.30603448,1641.173589,1.8,17209.18462,0,0,27.22999954,,
6/27/22,9697.884918,211.4016218,144.198797,0.077635596,243.3035201,53.30603448,1495.328238,1.8,17265.20549,0,0,26.95000076,,
6/28/22,9962.440743,219.3538897,144.325714,0.108385417,251.9439655,53.30603448,1333.05202,1.8,17283.87912,0,0,28.36000061,,
6/29/22,10133.62392,214.1849155,145.785263,0.137610453,244.7266523,52.90959052,1134.959625,1.8,17302.55275,0,0,28.15999985,,
6/30/22,10724.984,213.8668248,151.623459,0.168106142,234.9680316,51.14084052,1402.73858,1.8,17321.22637,0,0,28.70999908,,
7/1/22,8845.300965,203.0737487,147.760168,0.198729167,224.5914663,52.75725575,1513.568336,2.548387097,17339.9,0,0,26.70000076,,
7/5/22,9109.77779,182.8628229,140.6070194,0.09321408,198.5704327,55.87798132,1293.416667,2.548387097,17372.30435,0,0,27.54000092,,
7/6/22,8907.530806,180.0027862,132.5319095,0.06800431,193.2131611,59.77126437,1441.539386,2.548387097,17380.40543,0,0,26.72999954,,
7/7/22,10121.01271,190.1718055,124.9336761,0.04279454,195.7642428,59.1003592,1223.486019,2.548387097,17388.50652,0,0,26.07999992,,
7/8/22,9436.484456,193.5402932,124.5839666,0.020837644,196.6316106,62.96314655,1116.488827,2.548387097,17396.60761,0,0,24.63999939,,
7/11/22,9965.438107,196.082548,125.8874293,0.011485632,199.1316707,61.27571839,1102.670791,2.548387097,17420.91087,0,0,26.17000008,,
7/12/22,10323.25969,193.0953986,130.4018608,0.008232759,196.2234375,61.29604885,1241.051364,2.548387097,17429.01196,0,0,27.29000092,,
7/13/22,11303.37969,191.0615947,134.820917,0.005386494,192.5498798,60.83861351,1115.67735,2.548387097,17437.11304,0,0,26.81999969,,
7/14/22,11552.29906,190.3624746,136.1561714,0.00254023,191.9376202,58.78523707,1093.372508,2.548387097,17445.21413,0,0,26.39999962,,
7/15/22,10836.65588,198.0527955,136.2833385,-0.00010273,199.7439303,58.47011494,1124.709018,2.548387097,17453.31522,0,0,24.22999954,,
7/18/22,9514.271758,203.8999816,136.1243797,-0.001932471,200.3561899,57.32144397,1268.868488,2.548387097,17477.61848,0,0,25.29999924,,
7/19/22,9638.73144,209.0480476,139.4943074,-0.002542385,198.7234976,56.89450431,1063.448471,2.548387097,17485.71957,0,0,24.5,,
7/20/22,10136.57017,210.8911823,142.3873586,-0.003152299,201.4276442,56.3455819,1199.963669,2.548387097,17493.82065,0,0,23.87999916,,
7/21/22,9436.484456,204.4084325,143.1185694,-0.003762213,195.8152644,55.30872845,1687.663481,2.548387097,17501.92174,0,0,23.11000061,,
7/22/22,7974.083188,208.1582584,139.5260992,-0.004168822,198.7745192,55.14608477,1373.689383,2.548387097,17510.02283,0,0,23.03000069,,
7/25/22,9592.059059,209.1116039,138.7313049,-0.009251437,195.0499399,57.53491379,1398.271789,2.548387097,17534.32609,0,0,23.36000061,,
7/26/22,9934.323186,202.3746287,136.5058809,-0.010877874,191.3763822,57.67722701,1158.367657,2.548387097,17542.42717,0,0,24.69000053,,
7/27/22,9840.978424,206.1244545,134.0261227,-0.01250431,194.5397236,57.94152299,1353.613009,2.548387097,17550.52826,0,0,23.23999977,,
7/28/22,9763.191123,205.2982217,131.0376962,-0.013927443,191.9376202,58.97837644,1488.362216,2.548387097,17558.62935,0,0,22.32999992,,
7/29/22,8860.858425,206.4422364,130.4336526,-0.015553879,192.8560096,60.21853448,1482.431051,2.548387097,17566.73043,0,0,21.32999992,,
8/1/22,10167.68509,209.3658294,129.6706501,-0.020229885,194.335637,61.60100575,1291.248174,2.774193548,17591.0337,0,0,22.84000015,,
8/2/22,12750.2235,205.3617781,127.031933,-0.019213362,190.2028846,61.84497126,1190.869958,2.774193548,17599.13478,0,0,23.93000031,,
8/3/22,10369.93207,205.5524472,130.6244032,-0.018196839,188.468149,61.69249282,1394.55689,2.774193548,17607.23587,0,0,21.95000076,,
8/4/22,11318.93715,204.154207,130.4654443,-0.017180316,187.3966947,60.17787356,1256.592469,2.774193548,17615.33696,0,0,21.44000053,,
8/5/22,8736.398743,198.1799082,130.0521513,-0.016163793,183.4170072,60.23886494,1217.952469,2.774193548,17623.43804,0,0,21.14999962,,
8/8/22,10618.85144,202.7559669,130.3382773,-0.013317529,184.6415264,60.34051724,2195.102712,2.774193548,17647.7413,0,0,21.29000092,,
8/9/22,14508.21651,207.6498074,129.9885678,-0.013520833,190.5090144,60.33035201,2078.446231,2.774193548,17655.84239,0,0,21.77000046,,
8/10/22,11987.90795,210.2556186,129.6070665,-0.013724138,191.121274,60.32018678,1931.331749,2.774193548,17663.94348,0,0,19.73999977,,
8/11/22,11163.36255,212.3529788,128.7804805,-0.014130747,189.2844952,60.39134339,1859.366787,2.774193548,17672.04457,0,0,20.20000076,,
8/12/22,9856.535884,214.95879,128.8758558,-0.014334052,191.0192308,60.48283046,1406.47073,2.774193548,17680.14565,0,0,19.53000069,,
8/15/22,10463.27684,218.8357286,129.4481077,-0.015350575,190.4579928,61.09274425,1381.283056,2.774193548,17704.44891,0,0,19.95000076,,
8/16/22,15643.91112,222.9668927,128.5897298,-0.015553879,195.3050481,61.23505747,1726.702907,2.774193548,17712.55,0,0,19.69000053,,
8/17/22,14290.41207,223.2211182,128.5261463,-0.015757184,194.2335938,61.37737069,1632.407274,2.774193548,17720.65109,0,0,19.89999962,,
8/18/22,11038.90287,227.2887259,130.0521513,-0.016163793,198.2643029,61.31637931,1488.421412,2.774193548,17728.75217,0,0,19.55999947,,
8/19/22,9638.73144,226.8438313,132.6908683,-0.016367098,198.7745192,60.61497845,1360.298606,2.774193548,17736.85326,0,0,20.60000038,,
8/22/22,10136.57017,227.8607332,133.294912,-0.017180316,200.9684495,59.36465517,1421.619011,2.774193548,17761.15652,0,0,23.79999924,,
8/23/22,14274.85461,228.3691842,134.1214981,-0.017586925,202.1419471,59.56795977,1393.582947,2.774193548,17769.25761,0,0,24.11000061,,
8/24/22,10012.11049,228.1785151,133.7399968,-0.01779023,201.8358173,59.77126437,1255.147513,2.774193548,17777.3587,0,0,22.81999969,,
8/25/22,11054.46033,230.0852062,133.2631202,-0.018196839,200.3561899,59.91357759,1280.460065,2.774193548,17785.45978,0,0,21.78000069,,
8/26/22,10587.73652,228.8776352,133.5810379,-0.018400144,200.7133413,59.95423851,1509.25939,2.774193548,17793.56087,0,0,25.55999947,,
8/29/22,12065.69525,230.9749954,133.994331,-0.019213362,203.0603365,60.19820402,1212.01986,2.774193548,17817.86413,0,0,26.20999908,,
8/30/22,18848.74794,231.0385518,132.4365342,-0.019010057,205.2542668,60.27952586,1232.957469,2.774193548,17825.96522,0,0,26.20999908,,
8/31/22,14523.77397,230.7843263,132.7226601,-0.019010057,211.4789062,60.3608477,1495.972143,2.774193548,17834.0663,0,0,25.87000084,,
9/1/22,11085.57525,230.4665444,133.0723696,-0.018806753,213.5707933,60.34051724,1745.66202,4.666666667,17842.16739,0,0,25.55999947,,
9/2/22,10074.34033,231.6105591,133.294912,-0.018603448,215.3055288,60.23886494,1914.980734,4.666666667,17850.26848,0,0,25.46999931,,
9/6/22,12050.13779,226.0175985,132.6272848,-0.016977011,210.9686899,60.74712644,1555.020242,4.666666667,17882.67283,0,0,26.90999985,,
9/7/22,12905.7981,224.8100274,133.1677449,-0.015960489,209.0808894,60.88943966,1614.071482,4.666666667,17890.77391,0,0,24.63999939,,
9/8/22,11085.57525,224.7464711,131.5463646,-0.014740661,208.3155649,60.90977011,1766.089102,4.666666667,17898.875,0,0,23.61000061,,
9/9/22,10852.21334,227.7971769,131.8324905,-0.013520833,211.4789062,61.12323994,1420.459924,4.666666667,17906.97609,0,0,22.79000092,,
9/12/22,11723.43112,232.6910174,131.1648633,-0.01026796,214.4381611,60.4625,1630.639889,4.666666667,17931.27935,0,0,23.87000084,,
9/13/22,12112.36763,236.059505,131.9278658,-0.009861351,213.7748798,60.4625,1259.106147,4.666666667,17939.38043,0,0,27.27000046,,
9/14/22,13263.61969,234.0257012,134.2168734,-0.009658046,213.9789663,60.39134339,1318.203911,4.666666667,17947.48152,0,0,26.15999985,,
9/15/22,14912.71048,235.8052795,135.107043,-0.009454741,214.4381611,60.01522989,2327.336866,4.666666667,17955.58261,0,0,26.27000046,,
9/16/22,12376.84445,234.4705958,135.6475031,-0.009048132,211.3258413,59.75093391,2025.080642,4.666666667,17963.6837,0,0,26.29999924,,
9/19/22,12159.04001,233.7079193,135.4249607,-0.008234914,209.5911058,60.07622126,1759.838197,4.666666667,17987.98696,0,0,25.76000023,,
9/20/22,11443.39684,213.8147754,134.4394158,-0.007421695,191.9376202,60.11688218,1238.863491,4.666666667,17996.08804,0,0,27.15999985,,
9/21/22,9498.714298,203.3279742,135.3931689,-0.006811782,182.7027043,60.13721264,1453.104591,4.666666667,18004.18913,0,0,27.98999977,,
9/22/22,8409.692077,212.0987533,133.9625392,-0.005998563,193.366226,60.11688218,2032.217597,4.666666667,18012.29022,0,0,27.35000038,,
9/23/22,7771.836204,205.6160036,137.4914258,-0.005388649,188.6722356,60.71663075,1811.714297,4.666666667,18020.3913,0,0,29.92000008,,
9/26/22,9312.024774,184.5152885,138.8902638,-0.003355603,171.2228365,58.06350575,1370.645367,4.666666667,18044.69457,0,0,32.25999832,,
9/27/22,9825.420964,186.2948669,143.1821529,-0.001322557,173.0596154,58.02284483,1424.349827,4.666666667,18052.79565,0,0,32.59999847,,
9/28/22,11163.36255,192.0784966,143.7544048,0.000507184,176.5801082,58.02284483,1448.652759,4.666666667,18060.89674,0,0,30.18000031,,
9/29/22,11956.79302,190.5531437,141.8468985,0.002336925,176.5290865,58.20581897,1676.083906,4.666666667,18068.99783,0,0,31.84000015,,
9/30/22,11536.7416,187.3117688,143.8179883,0.004166667,174.6923077,58.29730603,1287.615493,4.666666667,18077.09891,0,0,31.62000084,,
10/3/22,12150.36922,199.7129235,143.2742796,0.009808908,180.8195043,56.11934267,1234.579442,1.516129032,18088.39783,0,0,30.10000038,,
10/4/22,8229.42522,202.2467019,141.413974,0.009300647,180.5145474,56.85123922,1962.843071,1.516129032,18089.99674,0,0,29.06999969,,
10/5/22,8042.713601,197.2424896,138.6950657,0.008690733,175.9020744,57.67462284,2111.118973,1.516129032,18091.59565,0,0,28.54999924,,
10/6/22,7594.605715,195.9756004,137.5502622,0.008080819,172.8525054,58.83345905,1840.841467,1.516129032,18093.19457,0,0,30.52000046,,
10/7/22,6343.637868,191.4781437,136.4531589,0.007470905,166.4102909,59.45862069,1665.444967,1.516129032,18094.79348,0,0,31.36000061,,
10/10/22,6997.128535,189.0710542,136.4531589,0.005946121,158.4814116,61.62381466,923.2696938,1.516129032,18099.59022,0,0,32.45000076,,
10/11/22,8696.204268,192.3016217,132.3509465,0.005742816,158.0239763,61.97451509,1322.486286,1.516129032,18101.18913,0,0,33.63000107,,
10/12/22,9461.721906,192.7450329,130.0613395,0.005641164,157.2997037,62.43195043,1382.416219,1.516129032,18102.78804,0,0,33.56999969,,
10/13/22,7986.700115,195.2788113,129.9182391,0.005437859,160.2730334,63.66702586,1572.533417,1.516129032,18104.38696,0,0,31.94000053,,
10/14/22,7949.357792,200.473057,130.538341,0.005336207,163.3226024,63.72801724,1490.507954,1.516129032,18105.98587,0,0,32.02000046,,
10/17/22,7725.303849,206.110714,131.0153424,0.004929598,169.3836207,62.56918103,1258.552248,1.516129032,18110.78261,0,0,31.37000084,,
10/18/22,7856.001982,206.0473695,133.5434501,0.005234555,169.7266972,62.14224138,1322.414365,1.516129032,18112.38152,0,0,30.5,,
10/19/22,8248.096382,203.0701799,134.163552,0.005539511,166.8296067,61.74579741,1378.63872,1.516129032,18113.98043,0,0,30.76000023,,
10/20/22,8976.271696,206.3640918,134.2589523,0.005844468,171.022764,61.68480603,1406.814233,1.516129032,18115.57935,0,0,29.97999954,,
10/21/22,9611.091201,209.3412814,135.1175549,0.006047773,171.2896013,61.56282328,1439.255731,1.516129032,18117.17826,0,0,29.69000053,,
10/24/22,6810.416916,213.141949,134.4020527,0.006962644,174.1866918,61.16637931,1979.331543,1.516129032,18121.975,0,0,29.85000038,,
10/25/22,8490.821487,215.1689717,134.7836538,0.006860991,178.9135237,61.16637931,1815.130222,1.516129032,18123.57391,0,0,28.45999908,,
10/26/22,8677.533106,214.7255605,132.8279479,0.006860991,180.4383082,61.16637931,1630.835073,1.516129032,18125.17283,0,0,27.28000069,,
10/27/22,7557.263392,216.4358609,133.0187485,0.006860991,184.1740302,61.31885776,1488.639308,1.516129032,18126.77174,0,0,27.38999939,,
10/28/22,7669.290363,217.6394057,133.6865505,0.006860991,186.5755657,61.41034483,1540.356336,1.516129032,18128.37065,0,0,25.75,,
10/31/22,9629.762363,217.2593389,133.9727514,0.006962644,186.0800108,61.56282328,1453.115623,1.516129032,18133.16739,0,0,25.87999916,,
11/1/22,12225.05387,216.6892388,133.0664486,0.005946121,186.9186422,61.59331897,1302.483212,1.266666667,18134.7663,0,0,25.80999947,,
11/2/22,13849.44495,212.5718489,133.9250512,0.00503125,185.3176185,61.59331897,1751.726348,1.266666667,18136.36522,0,0,25.86000061,,
11/3/22,12411.76549,210.1647594,134.3543525,0.004218032,183.2972791,61.44084052,1482.337203,1.266666667,18137.96413,0,0,25.29999924,,
11/4/22,10133.88373,210.9248929,131.9693453,0.003404813,185.1270205,61.62381466,1446.780052,1.266666667,18139.56304,0,0,24.54999924,,
11/7/22,11571.5632,212.7618822,131.540044,0.000863506,190.6162446,61.65431034,1797.154641,1.266666667,18144.35978,0,0,24.35000038,,
11/8/22,13625.39101,208.2644256,133.3049494,0.00147342,190.5400054,61.42559267,1622.00015,1.266666667,18145.9587,0,0,25.54000092,,
11/9/22,14334.89516,202.1833574,133.4957499,0.002083333,186.5374461,61.22737069,2372.297648,1.266666667,18147.55761,0,0,26.09000015,,
11/10/22,18106.46987,205.7939917,133.3526495,0.002591595,190.5018858,60.96815733,2455.079057,1.266666667,18149.15652,0,0,23.53000069,,
11/11/22,26471.1504,207.630981,129.9659392,0.003201509,190.4256466,61.04439655,2196.376198,1.266666667,18150.75543,0,0,22.52000046,,
11/14/22,12971.90034,209.3412814,129.8228388,0.004929598,190.2350485,60.26675647,1886.409846,1.266666667,18155.55217,0,0,23.72999954,,
11/15/22,13476.02172,207.7576699,130.9199421,0.005437859,188.4053071,60.32774784,1733.395607,1.266666667,18157.15109,0,0,24.54000092,,
11/16/22,16687.46156,208.2644256,131.3492434,0.006047773,188.6340248,60.37349138,3232.720454,1.266666667,18158.75,0,0,24.11000061,,
11/17/22,19226.73958,208.8345257,132.3509465,0.006657687,186.7280442,60.29725216,3026.598926,1.266666667,18160.34891,0,0,23.93000031,,
11/18/22,16071.31322,207.1242253,131.7308446,0.007267601,186.0800108,60.34299569,2581.834084,1.266666667,18161.94783,0,0,23.12000084,,
11/21/22,15156.42629,204.7171358,132.6848475,0.008894037,182.1155711,60.49547414,2901.910834,1.266666667,18166.74457,0,0,22.36000061,,
11/22/22,16127.32671,208.1377367,131.6831444,0.009503951,184.5171067,60.6174569,2618.176598,1.266666667,18168.34348,0,0,21.29000092,,
11/23/22,16855.50202,208.454459,131.5877442,0.010113865,184.974542,60.70894397,1917.684996,1.266666667,18169.94239,0,0,20.35000038,,
11/25/22,22867.61615,209.5313148,131.6831444,0.01123204,184.3265086,60.49547414,3231.139408,1.266666667,18173.14022,0,0,20.5,,
11/28/22,13550.70636,207.2509142,131.3015433,0.012960129,181.4675377,60.55646552,2200.182467,1.266666667,18177.93696,0,0,22.20999908,,
11/29/22,13980.14309,207.3776032,130.7291415,0.02627658,182.0012123,60.64795259,1525.279038,1.266666667,18179.53587,0,0,21.88999939,,
11/30/22,17583.67733,207.1242253,129.6797384,0.039593032,181.4675377,60.73943966,1450.365327,1.266666667,18181.13478,0,0,20.57999992,,
12/1/22,11534.22088,206.5541252,129.2504371,0.052502874,180.8957435,61.04439655,1450.000784,0.548387097,18182.7337,0,0,19.84000015,,
12/2/22,9088.298668,203.0701799,127.914833,0.065412716,179.4090787,60.86142241,1578.194229,0.548387097,18184.33261,0,0,19.05999947,,
12/5/22,14913.70118,200.9798127,127.2947311,0.104040589,179.8283944,61.89827586,1222.751796,0.548387097,18189.12935,0,0,20.75,,
12/6/22,10675.34743,196.2923227,126.0068272,0.09743319,176.626347,62.03550647,1130.534678,0.548387097,18190.72826,0,0,22.17000008,,
12/7/22,10059.19909,195.9122559,124.5758229,0.09082579,176.4738685,62.18798491,1211.445149,0.548387097,18192.32717,0,0,22.68000031,,
12/8/22,10750.03208,195.4055002,124.5281227,0.084523348,176.816945,62.88938578,1704.67137,0.548387097,18193.92609,0,0,22.29000092,,
12/9/22,10880.73021,196.9257673,124.8143236,0.078119253,177.3125,62.90463362,1201.93486,0.548387097,18195.525,0,0,22.82999992,,
12/12/22,13233.29661,195.5955336,125.0051242,0.058906968,175.4065194,62.50818966,2551.969791,0.548387097,18200.32174,0,0,25,,
12/13/22,14353.56632,194.7720556,124.6712232,0.055959052,175.1396821,62.63017241,2192.659666,0.548387097,18201.92065,0,0,22.54999924,,
12/14/22,15567.19185,190.3379434,122.9063178,0.052909483,170.6415679,62.75215517,2077.426446,0.548387097,18203.51957,0,0,21.13999939,,
12/15/22,16426.0653,187.107376,122.954018,0.049859914,167.8588362,63.20959052,1938.802229,0.548387097,18205.11848,0,0,22.82999992,,
12/16/22,16930.18667,185.587109,121.3799132,0.046911997,167.8969558,63.39256466,1526.921947,0.548387097,18206.71739,0,0,22.62000084,,
12/19/22,15828.58812,176.2754733,121.2368128,0.037966595,160.0443157,65.1765625,1360.250214,0.548387097,18211.51413,0,0,22.42000008,,
12/20/22,17079.55596,174.8185508,117.0869002,0.037255029,156.5373114,65.77122845,1762.898174,0.548387097,18213.11304,0,0,21.47999954,,
12/21/22,18423.87962,171.1445721,112.6030866,0.036543463,152.4966325,66.41163793,1891.17255,0.548387097,18214.71196,0,0,20.06999969,,
12/22/22,15567.19185,176.3388178,110.122679,0.035730244,156.4610722,68.98852371,1809.779752,0.548387097,18216.31087,0,0,21.96999931,,
12/23/22,17340.95223,174.8185508,107.9284724,0.03512033,155.203125,70.51330819,1817.277299,0.548387097,18217.90978,0,0,20.87000084,,
12/27/22,21616.64831,170.7645053,113.5570895,0.032477371,154.3263739,68.51584052,1474.541654,0.548387097,18224.30543,0,0,21.64999962,,
12/28/22,22643.56221,166.1403598,111.0766819,0.032070761,150.4762931,68.48534483,1346.507624,0.548387097,18225.90435,0,0,22.13999939,,
12/29/22,22176.78316,166.5204265,108.9301754,0.031664152,151.276805,69.94913793,1257.86417,0.548387097,18227.50326,0,0,21.44000053,,
12/30/22,20421.69394,170.574472,107.5468712,0.031257543,156.9566272,71.29094828,1037.182379,0.548387097,18229.10217,0,0,21.67000008,,